"""Datum""";"""alias""";"""timestamp""";"""value""";"""air_temperature""";;;;;;
05.11.2012 04:32;6;1.35209E+12;6;7.7;;;;;;
08.11.2012 06:29;5;1.35236E+12;10;2.2;;;;;;
09.11.2012 22:03;7;1.3525E+12;8;8.9;;;;09.05.2022 03:37;;1.65207E+12
14.11.2012 19:50;6;1.35292E+12;3;5.8;;;;;;
15.11.2012 04:29;6;1.35295E+12;12;4.9;;;;;;
21.11.2012 23:26;9;1.35354E+12;6;4.6;;;;;;
28.11.2012 13:33;9;1.35411E+12;6;5.7;;;;;;
29.11.2012 04:07;9;1.35416E+12;11;0.8;;;;;;
08.12.2012 17:31;7;1.35499E+12;4;-0.8;;;;;;
11.12.2012 16:33;5;1.35524E+12;7;-0.8;;;;;;
20.12.2012 23:14;5;1.35605E+12;4;3.5;;;;;;
30.12.2012 10:08;8;1.35686E+12;7;8.3;;;;;;
02.01.2013 12:19;6;1.35713E+12;9;4.3;;;;;;
02.01.2013 18:42;9;1.35715E+12;6;2.1;;;;;;
06.01.2013 03:48;7;1.35744E+12;5;5.9;;;;;;
11.01.2013 16:36;9;1.35792E+12;9;3.1;;;;;;
11.01.2013 18:57;6;1.35793E+12;1;2.4;;;;;;
16.01.2013 03:54;7;1.35831E+12;7;0.2;;;;;;
23.01.2013 01:05;8;1.3589E+12;12;-1.6;;;;;;
24.01.2013 17:25;8;1.35905E+12;8;0;;;;;;
31.01.2013 13:14;8;1.35964E+12;7;9.6;;;;;;
02.02.2013 04:03;5;1.35978E+12;6;6;;;;;;
02.02.2013 06:41;6;1.35979E+12;8;4.3;;;;;;
04.02.2013 21:50;9;1.36001E+12;1;6.6;;;;;;
14.02.2013 10:44;6;1.36084E+12;10;-3.8;;;;;;
16.02.2013 12:16;9;1.36102E+12;0;3.8;;;;;;
16.02.2013 16:42;8;1.36103E+12;1;4.7;;;;;;
20.02.2013 12:51;6;1.36136E+12;2;2.4;;;;;;
05.03.2013 03:40;9;1.36245E+12;6;-1.3;;;;;;
06.03.2013 08:53;9;1.36256E+12;11;5.8;;;;;;
12.03.2013 01:34;8;1.36305E+12;8;3.3;;;;;;
13.03.2013 02:50;8;1.36314E+12;5;2.4;;;;;;
13.03.2013 08:21;8;1.36316E+12;12;1.4;;;;;;
13.03.2013 12:21;8;1.36318E+12;9;1.1;;;;;;
16.03.2013 14:34;5;1.36344E+12;2;5.8;;;;;;
17.03.2013 01:45;7;1.36348E+12;9;2.9;;;;;;
26.03.2013 00:04;5;1.36426E+12;8;-0.8;;;;;;
01.04.2013 05:14;7;1.36479E+12;11;0.6;;;;;;
02.04.2013 15:20;9;1.36492E+12;12;5;;;;;;
03.04.2013 11:19;5;1.36499E+12;3;4.5;;;;;;
05.04.2013 18:18;7;1.36519E+12;5;4.6;;;;;;
17.04.2013 17:14;9;1.36622E+12;0;20.9;;;;;;
24.04.2013 11:39;7;1.3668E+12;4;12.8;;;;;;
04.05.2013 10:11;6;1.36766E+12;6;12;;;;;;
06.05.2013 03:35;7;1.36781E+12;5;12.1;;;;;;
11.05.2013 08:18;5;1.36826E+12;11;10.1;;;;;;
19.05.2013 11:01;6;1.36896E+12;11;9.5;;;;;;
19.05.2013 14:20;6;1.36897E+12;8;13.6;;;;;;
20.05.2013 11:31;7;1.36905E+12;1;12.8;;;;;;
23.05.2013 02:41;7;1.36928E+12;4;8.6;;;;;;
25.05.2013 00:25;6;1.36944E+12;7;4.6;;;;;;
26.05.2013 05:41;8;1.36955E+12;0;7.1;;;;;;
01.06.2013 05:58;8;1.37007E+12;2;12;;;;;;
02.06.2013 20:35;6;1.37021E+12;2;14.1;;;;;;
02.06.2013 21:04;7;1.37021E+12;8;14;;;;;;
21.06.2013 08:43;7;1.3718E+12;2;17.2;;;;;;
22.06.2013 08:14;5;1.37189E+12;7;15.5;;;;;;
30.06.2013 19:04;9;1.37262E+12;8;21.2;;;;;;
30.06.2013 21:22;8;1.37263E+12;7;19.4;;;;;;
01.07.2013 00:37;6;1.37264E+12;10;16.7;;;;;;
04.07.2013 11:51;6;1.37294E+12;7;17.6;;;;;;
04.07.2013 18:48;6;1.37296E+12;8;20.3;;;;;;
04.07.2013 23:11;8;1.37298E+12;1;18.4;;;;;;
15.07.2013 10:07;9;1.37388E+12;9;22.1;;;;;;
15.07.2013 16:16;7;1.37391E+12;12;26.3;;;;;;
17.07.2013 19:00;6;1.37409E+12;6;23.8;;;;;;
19.07.2013 16:01;9;1.37425E+12;5;28.3;;;;;;
22.07.2013 07:43;6;1.37448E+12;2;21.3;;;;;;
23.07.2013 15:32;9;1.37459E+12;2;29.5;;;;;;
30.07.2013 08:06;5;1.37517E+12;4;16.9;;;;;;
31.07.2013 13:04;7;1.37528E+12;11;23.6;;;;;;
01.08.2013 12:17;5;1.37536E+12;11;24.4;;;;;;
02.08.2013 23:06;6;1.37548E+12;8;25.3;;;;;;
03.08.2013 01:05;8;1.37549E+12;7;23.5;;;;;;
12.08.2013 10:58;5;1.37631E+12;1;21.3;;;;;;
14.08.2013 15:25;5;1.37649E+12;6;21.3;;;;;;
17.08.2013 18:30;6;1.37676E+12;3;27.6;;;;;;
19.08.2013 07:17;6;1.3769E+12;6;19.5;;;;;;
21.08.2013 02:10;8;1.37705E+12;0;15.5;;;;;;
23.08.2013 05:46;7;1.37724E+12;7;15.2;;;;;;
27.08.2013 02:28;8;1.37757E+12;8;15.6;;;;;;
29.08.2013 19:34;8;1.3778E+12;12;22.4;;;;;;
01.09.2013 23:50;5;1.37808E+12;12;15.5;;;;;;
02.09.2013 04:02;9;1.37809E+12;10;13.6;;;;;;
03.09.2013 16:32;7;1.37823E+12;7;26.4;;;;;;
04.09.2013 14:32;9;1.37831E+12;5;22.9;;;;;;
09.09.2013 22:47;9;1.37877E+12;6;15.8;;;;;;
10.09.2013 18:46;8;1.37884E+12;6;13.8;;;;;;
18.09.2013 01:58;9;1.37947E+12;11;11.6;;;;;;
19.09.2013 07:49;9;1.37958E+12;9;11.6;;;;;;
19.09.2013 18:07;8;1.37961E+12;0;14.4;;;;;;
22.09.2013 07:48;7;1.37984E+12;2;10.2;;;;;;
24.09.2013 12:10;7;1.38002E+12;7;13.8;;;;;;
26.09.2013 00:44;6;1.38016E+12;6;16.4;;;;;;
29.09.2013 21:41;9;1.38049E+12;0;13.1;;;;;;
04.10.2013 00:45;9;1.38085E+12;8;11.8;;;;;;
04.10.2013 08:41;9;1.38088E+12;11;12.8;;;;;;
13.10.2013 12:09;9;1.38167E+12;3;10.1;;;;;;
15.10.2013 21:31;6;1.38187E+12;2;13.3;;;;;;
15.10.2013 22:48;5;1.38188E+12;2;12.8;;;;;;
16.10.2013 01:26;6;1.44504E+12;10;12.9;;;;;;
17.10.2013 02:40;7;1.38198E+12;8;13.7;;;;;;
19.10.2013 00:43;5;1.38214E+12;10;9.9;;;;;;
22.10.2013 04:01;5;1.38241E+12;0;11.6;;;;;;
24.10.2013 14:15;9;1.38262E+12;7;15.2;;;;;;
29.10.2013 00:58;9;1.38301E+12;1;10.7;;;;;;
01.11.2013 21:12;5;1.38334E+12;7;10;;;;;;
04.11.2013 10:26;5;1.38356E+12;3;10.5;;;;;;
06.11.2013 14:16;6;1.38375E+12;10;13.7;;;;;;
09.11.2013 17:52;7;1.38402E+12;7;10.6;;;;;;
15.11.2013 00:21;7;1.38447E+12;6;4.9;;;;;;
16.11.2013 23:58;8;1.38465E+12;4;4.9;;;;;;
21.11.2013 07:15;7;1.38502E+12;3;2.4;;;;;;
22.11.2013 07:21;5;1.3851E+12;4;1.2;;;;;;
28.11.2013 05:52;6;1.38562E+12;6;-3.2;;;;;;
07.12.2013 15:21;8;1.38643E+12;1;5.8;;;;;;
09.12.2013 07:46;5;1.38658E+12;6;-1.3;;;;;;
11.12.2013 10:42;5;1.38676E+12;0;0.5;;;;;;
14.12.2013 02:01;9;1.38699E+12;7;-1;;;;;;
20.12.2013 13:56;7;1.38755E+12;9;5.5;;;;;;
30.12.2013 20:17;6;1.38843E+12;1;0.2;;;;;;
08.01.2014 13:50;6;1.38919E+12;12;9.8;;;;;;
10.01.2014 11:25;5;1.38935E+12;2;4.6;;;;;;
12.01.2014 16:12;5;1.38954E+12;6;6.8;;;;;;
14.01.2014 09:59;7;1.38969E+12;6;4.3;;;;;;
14.01.2014 18:47;8;1.38973E+12;9;2.9;;;;;;
21.01.2014 05:42;9;1.39028E+12;5;4;;;;;;
21.01.2014 13:08;9;1.58805E+12;0;4.3;;;;;;
23.01.2014 22:29;7;1.39052E+12;2;5.5;;;;;;
24.01.2014 10:14;8;1.39056E+12;3;1.2;;;;;;
27.01.2014 20:39;8;1.39086E+12;10;3.8;;;;;;
31.01.2014 19:48;6;1.3912E+12;3;2;;;;;;
07.02.2014 08:08;8;1.39176E+12;10;2.1;;;;;;
09.02.2014 16:06;7;1.39196E+12;9;7.2;;;;;;
10.02.2014 16:36;8;1.39205E+12;12;8.3;;;;;;
15.02.2014 02:59;5;1.39243E+12;0;4.1;;;;;;
16.02.2014 03:33;8;1.39252E+12;12;4.7;;;;;;
20.02.2014 04:48;9;1.39287E+12;2;4;;;;;;
21.02.2014 12:54;7;1.39299E+12;4;6.3;;;;;;
26.02.2014 16:41;7;1.39343E+12;4;7.6;;;;;;
04.03.2014 15:43;6;1.39395E+12;2;4;;;;;;
07.03.2014 04:23;5;1.39417E+12;6;1.3;;;;;;
09.03.2014 14:01;8;1.39437E+12;12;10.7;;;;;;
12.03.2014 06:55;9;1.39461E+12;3;2;;;;;;
12.03.2014 14:58;8;1.39464E+12;0;10.6;;;;;;
15.03.2014 03:26;9;1.39485E+12;11;6.2;;;;;;
15.03.2014 08:16;7;1.39487E+12;10;7.1;;;;;;
24.03.2014 14:43;5;1.39567E+12;1;3.4;;;;;;
30.03.2014 11:45;6;1.39618E+12;5;12.1;;;;;;
30.03.2014 15:19;5;1.39619E+12;10;18.1;;;;;;
01.04.2014 22:19;9;1.39639E+12;2;13.1;;;;;;
05.04.2014 22:38;8;1.39674E+12;1;11.7;;;;;;
06.04.2014 16:52;9;1.3968E+12;7;17.3;;;;;;
08.04.2014 17:42;5;1.39698E+12;7;13.3;;;;;;
13.04.2014 23:24;7;1.39743E+12;12;13.6;;;;;;
21.04.2014 19:07;5;1.39811E+12;6;13.1;;;;;;
26.04.2014 01:16;6;1.39847E+12;2;13.2;;;;;;
05.05.2014 19:52;6;1.39932E+12;10;18.7;;;;;;
06.05.2014 16:07;9;1.39939E+12;2;19.2;;;;;;
13.05.2014 14:44;7;1.39999E+12;0;10.6;;;;;;
16.05.2014 20:37;5;1.40027E+12;2;14.6;;;;;;
20.05.2014 09:36;6;1.40058E+12;2;18.4;;;;;;
21.05.2014 07:36;7;1.40066E+12;0;15.3;;;;;;
23.05.2014 22:34;8;1.40088E+12;4;15.4;;;;;;
24.05.2014 02:00;8;1.4009E+12;8;12.9;;;;;;
27.05.2014 06:48;5;1.40117E+12;7;13.8;;;;;;
29.05.2014 15:39;8;1.40138E+12;12;18.8;;;;;;
30.05.2014 20:26;6;1.40148E+12;10;13.4;;;;;;
30.05.2014 22:02;9;1.40149E+12;8;11.5;;;;;;
31.05.2014 03:37;7;1.40151E+12;6;9;;;;;;
04.06.2014 10:09;8;1.40188E+12;7;15.7;;;;;;
04.06.2014 11:08;5;1.40188E+12;4;16.5;;;;;;
04.06.2014 21:36;6;1.40192E+12;0;15.6;;;;;;
05.06.2014 12:50;7;1.40197E+12;7;17.3;;;;;;
06.06.2014 14:27;5;1.40206E+12;9;22.6;;;;;;
12.06.2014 11:48;9;1.40257E+12;0;25.9;;;;;;
19.06.2014 15:18;8;1.40319E+12;10;21.9;;;;;;
25.06.2014 13:05;9;1.4037E+12;10;20.9;;;;;;
29.06.2014 00:41;5;1.404E+12;2;16.6;;;;;;
03.07.2014 14:07;7;1.4044E+12;0;21.3;;;;;;
06.07.2014 18:10;7;1.40467E+12;0;29.5;;;;;;
15.07.2014 15:14;9;1.40544E+12;5;22.3;;;;;;
17.07.2014 10:14;6;1.40559E+12;4;22.2;;;;;;
22.07.2014 02:19;9;1.406E+12;11;16.6;;;;;;
22.07.2014 13:16;9;1.40603E+12;6;18.1;;;;;;
24.07.2014 21:12;8;1.40624E+12;6;21.9;;;;;;
25.07.2014 18:46;6;1.40631E+12;3;26.1;;;;;;
26.07.2014 08:08;8;1.40636E+12;0;18.8;;;;;;
02.08.2014 16:40;6;1.407E+12;5;22.6;;;;;;
02.08.2014 21:59;6;1.40702E+12;2;18.6;;;;;;
19.08.2014 07:54;8;1.40843E+12;0;14.8;;;;;;
19.08.2014 11:16;8;1.40845E+12;7;16.8;;;;;;
21.08.2014 08:57;9;1.40861E+12;10;15.2;;;;;;
26.08.2014 23:12;9;1.40909E+12;10;19.2;;;;;;
27.08.2014 15:00;5;1.40915E+12;9;19.4;;;;;;
29.08.2014 13:48;5;1.40932E+12;6;20.4;;;;;;
30.08.2014 19:43;8;1.40943E+12;2;21.8;;;;;;
02.09.2014 06:19;9;1.40964E+12;8;10.2;;;;;;
06.09.2014 11:17;7;1.41E+12;0;19.3;;;;;;
10.09.2014 10:03;7;1.41034E+12;0;17.2;;;;;;
13.09.2014 04:44;5;1.41058E+12;0;13.3;;;;;;
16.09.2014 17:02;9;1.41089E+12;1;23.9;;;;;;
17.09.2014 01:48;5;1.41092E+12;12;16;;;;;;
19.09.2014 05:57;5;1.41111E+12;11;16.5;;;;;;
02.10.2014 16:15;8;1.41227E+12;12;20;;;;;;
03.10.2014 05:14;7;1.41231E+12;7;14.8;;;;;;
03.10.2014 21:30;7;1.41237E+12;3;14.1;;;;;;
11.10.2014 23:24;9;1.41307E+12;3;15.2;;;;;;
17.10.2014 06:54;5;1.41353E+12;7;17.3;;;;;;
17.10.2014 15:50;9;1.41356E+12;7;17.1;;;;;;
19.10.2014 00:34;9;1.41368E+12;5;13.1;;;;;;
27.10.2014 12:03;9;1.41441E+12;8;10;;;;;;
05.11.2014 08:38;7;1.41518E+12;6;7;;;;;;
06.11.2014 02:12;9;1.41524E+12;2;3;;;;;;
10.11.2014 01:39;9;1.41558E+12;12;7.1;;;;;;
11.11.2014 04:23;6;1.41568E+12;11;7;;;;;;
11.11.2014 05:50;6;1.41569E+12;10;6.8;;;;;;
12.11.2014 00:42;5;1.41575E+12;9;7.5;;;;;;
14.11.2014 03:30;9;1.41594E+12;3;8.8;;;;;;
15.11.2014 10:13;6;1.41605E+12;11;11.7;;;;;;
17.11.2014 21:38;7;1.37956E+12;1;8.1;;;;;;
23.11.2014 12:41;8;1.41675E+12;4;5.7;;;;;;
26.11.2014 10:44;8;1.417E+12;0;9.2;;;;;;
30.11.2014 20:29;7;1.41738E+12;5;4.3;;;;;;
01.12.2014 14:38;9;1.41744E+12;3;4.2;;;;;;
02.12.2014 19:36;9;1.41755E+12;11;4.3;;;;;;
05.12.2014 09:30;9;1.41777E+12;10;4;;;;;;
06.12.2014 06:11;5;1.41785E+12;7;3;;;;;;
14.12.2014 07:49;5;1.41854E+12;0;7.4;;;;;;
16.12.2014 00:30;8;1.41869E+12;9;8.1;;;;;;
29.12.2014 14:56;5;1.41987E+12;9;-3.7;;;;;;
02.01.2015 19:55;5;1.42023E+12;11;2.8;;;;;;
04.01.2015 03:05;7;1.42034E+12;6;8.7;;;;;;
06.01.2015 06:31;8;1.42053E+12;5;-2.4;;;;;;
08.01.2015 07:55;9;1.4207E+12;4;3.7;;;;;;
16.01.2015 22:58;6;1.42145E+12;8;5.2;;;;;;
23.01.2015 17:18;8;1.42203E+12;8;1.5;;;;;;
24.01.2015 20:03;5;1.42213E+12;8;0.5;;;;;;
25.01.2015 06:22;9;1.42217E+12;10;0.1;;;;;;
25.01.2015 21:08;6;1.42222E+12;3;-0.1;;;;;;
26.01.2015 10:58;7;1.42227E+12;9;-0.3;;;;;;
30.01.2015 07:18;7;1.4226E+12;6;1.6;;;;;;
02.02.2015 05:52;5;1.42286E+12;11;1.3;;;;;;
03.02.2015 04:52;5;1.42294E+12;8;-0.5;;;;;;
19.02.2015 11:43;5;1.42435E+12;3;2.5;;;;;;
19.02.2015 19:54;8;1.42438E+12;0;2.4;;;;;;
22.02.2015 16:47;5;1.42462E+12;11;4.5;;;;;;
22.02.2015 19:11;9;1.42463E+12;0;2.1;;;;;;
23.02.2015 04:52;7;1.42467E+12;11;-1.4;;;;;;
24.02.2015 05:14;7;1.42475E+12;9;4.6;;;;;;
01.03.2015 12:38;8;1.42521E+12;8;5.2;;;;;;
01.03.2015 13:08;7;1.42522E+12;6;5.2;;;;;;
02.03.2015 15:10;8;1.42531E+12;7;6.8;;;;;;
12.03.2015 05:44;7;1.42614E+12;3;1.1;;;;;;
13.03.2015 10:59;8;1.42624E+12;3;6.2;;;;;;
20.03.2015 05:16;9;1.42683E+12;1;4.9;;;;;;
25.03.2015 18:32;7;1.42731E+12;2;6.8;;;;;;
28.03.2015 15:08;9;1.42756E+12;5;12.6;;;;;;
31.03.2015 14:10;8;1.42781E+12;2;13.2;;;;;;
01.04.2015 05:03;5;1.42786E+12;11;7.5;;;;;;
11.04.2015 10:30;6;1.42875E+12;10;13.5;;;;;;
13.04.2015 02:15;8;1.42889E+12;0;9.8;;;;;;
17.04.2015 14:02;5;1.42928E+12;11;13.4;;;;;;
18.04.2015 12:22;8;1.42936E+12;3;10.1;;;;;;
19.04.2015 20:18;7;1.42947E+12;0;15.7;;;;;;
24.04.2015 07:58;8;1.42986E+12;12;7.4;;;;;;
29.04.2015 13:05;7;1.43031E+12;10;11.6;;;;;;
30.04.2015 11:32;7;1.43039E+12;12;13.6;;;;;;
05.05.2015 17:08;5;1.43085E+12;10;18.5;;;;;;
17.05.2015 23:40;6;1.43191E+12;0;15.7;;;;;;
26.05.2015 14:08;5;1.43265E+12;12;11.1;;;;;;
26.05.2015 17:20;9;1.43266E+12;1;12.5;;;;;;
28.05.2015 18:25;5;1.43284E+12;4;21.2;;;;;;
28.05.2015 23:26;8;1.43286E+12;12;15.9;;;;;;
04.06.2015 16:55;8;1.43344E+12;1;28.9;;;;;;
17.06.2015 09:04;7;1.43453E+12;10;17.3;;;;;;
17.06.2015 21:13;7;1.43458E+12;8;19.4;;;;;;
19.06.2015 12:51;5;1.43472E+12;3;17.3;;;;;;
24.06.2015 17:12;8;1.43517E+12;9;21.8;;;;;;
02.07.2015 15:22;9;1.43585E+12;2;31.2;;;;;;
06.07.2015 07:42;9;1.43617E+12;7;21.9;;;;;;
08.07.2015 23:46;6;1.4364E+12;3;19.4;;;;;;
13.07.2015 02:33;8;1.43675E+12;4;21.8;;;;;;
21.07.2015 00:38;7;1.43744E+12;0;24.3;;;;;;
27.07.2015 15:34;5;1.43801E+12;8;23;;;;;;
02.08.2015 13:47;7;1.43852E+12;5;21.3;;;;;;
13.08.2015 07:20;7;1.43945E+12;12;20;;;;;;
13.08.2015 10:29;8;1.43946E+12;8;25.1;;;;;;
15.08.2015 01:27;8;1.4396E+12;12;17.9;;;;;;
17.08.2015 13:08;7;1.43982E+12;8;18.9;;;;;;
17.08.2015 16:19;6;1.43983E+12;9;20.1;;;;;;
18.08.2015 12:24;7;1.4399E+12;2;18.9;;;;;;
19.08.2015 20:02;5;1.44001E+12;10;16.2;;;;;;
20.08.2015 12:50;8;1.44008E+12;9;19;;;;;;
23.08.2015 07:18;9;1.44031E+12;11;15.3;;;;;;
31.08.2015 04:27;9;1.441E+12;2;15.3;;;;;;
01.09.2015 02:05;7;1.44107E+12;11;15.3;;;;;;
10.09.2015 00:24;8;1.44184E+12;9;14.6;;;;;;
14.09.2015 13:40;8;1.44224E+12;2;19.3;;;;;;
14.09.2015 18:30;5;1.44226E+12;12;16.6;;;;;;
16.09.2015 02:39;7;1.44237E+12;2;14.1;;;;;;
19.09.2015 18:04;6;1.44269E+12;2;18.4;;;;;;
19.09.2015 22:56;6;1.4427E+12;3;15;;;;;;
21.09.2015 05:08;8;1.44281E+12;3;10.2;;;;;;
23.09.2015 03:12;8;1.44298E+12;2;11.5;;;;;;
27.09.2015 18:35;6;1.44338E+12;7;16.2;;;;;;
28.09.2015 20:13;6;1.44347E+12;10;13;;;;;;
03.10.2015 04:39;6;1.44385E+12;2;11.6;;;;;;
06.10.2015 06:02;5;1.44411E+12;2;15.2;;;;;;
09.10.2015 13:31;7;1.4444E+12;7;15.3;;;;;;
10.10.2015 00:18;9;1.44444E+12;0;10.5;;;;;;
11.10.2015 02:27;7;1.44453E+12;7;12;;;;;;
14.10.2015 23:09;6;1.44486E+12;12;7.9;;;;;;
15.10.2015 23:01;5;1.44495E+12;2;6.2;;;;;;
28.10.2015 07:23;9;1.44602E+12;12;9;;;;;;
31.10.2015 04:24;6;1.44627E+12;8;10.6;;;;;;
09.11.2015 13:26;6;1.44708E+12;11;19.2;;;;;;
12.11.2015 23:24;9;1.44737E+12;8;7.3;;;;;;
14.11.2015 11:04;9;1.4475E+12;8;10.6;;;;;;
14.11.2015 16:59;6;1.44752E+12;9;11;;;;;;
22.11.2015 00:20;5;1.44815E+12;7;2.1;;;;;;
23.11.2015 04:37;5;1.44825E+12;9;2.2;;;;;;
05.12.2015 08:14;7;1.4493E+12;1;4.6;;;;;;
06.12.2015 09:57;6;1.4494E+12;11;4.1;;;;;;
09.12.2015 22:35;5;1.4497E+12;3;3.5;;;;;;
10.12.2015 20:20;5;1.44978E+12;8;2.5;;;;;;
12.12.2015 04:21;7;1.44989E+12;8;7;;;;;;
12.12.2015 12:18;9;1.44992E+12;3;8.3;;;;;;
24.12.2015 11:30;8;1.45096E+12;1;7;;;;;;
26.12.2015 14:33;7;1.45114E+12;6;8.6;;;;;;
28.12.2015 12:23;7;1.45131E+12;9;1.2;;;;;;
03.01.2016 10:56;8;1.45182E+12;1;6.1;;;;;;
04.01.2016 11:15;9;1.45191E+12;12;4.7;;;;;;
09.01.2016 06:34;7;1.45232E+12;1;6.3;;;;;;
11.01.2016 02:14;7;1.45248E+12;5;5.9;;;;;;
11.01.2016 04:42;5;1.45249E+12;2;5.4;;;;;;
22.01.2016 06:37;8;1.45344E+12;11;0.3;;;;;;
25.01.2016 07:16;5;1.45371E+12;4;1.3;;;;;;
26.01.2016 01:47;7;1.45377E+12;2;2;;;;;;
31.01.2016 01:43;6;1.4542E+12;9;6.1;;;;;;
01.02.2016 04:56;9;1.4543E+12;11;12.6;;;;;;
03.02.2016 08:07;7;1.45449E+12;3;5.7;;;;;;
04.02.2016 02:02;9;1.45455E+12;12;2.6;;;;;;
04.02.2016 14:42;5;1.4546E+12;11;4.6;;;;;;
06.02.2016 05:04;8;1.45474E+12;2;1.8;;;;;;
08.02.2016 18:20;5;1.45496E+12;9;10.9;;;;;;
14.02.2016 02:41;5;1.45542E+12;0;9.3;;;;;;
24.02.2016 22:26;6;1.45635E+12;4;1.1;;;;;;
25.02.2016 23:01;7;1.45644E+12;2;2.3;;;;;;
28.02.2016 00:45;5;1.45662E+12;0;3.3;;;;;;
01.03.2016 16:04;6;1.45685E+12;8;5.5;;;;;;
02.03.2016 11:31;7;1.45692E+12;3;5.5;;;;;;
03.03.2016 00:08;7;1.45696E+12;8;1.7;;;;;;
03.03.2016 18:34;6;1.45703E+12;7;3.6;;;;;;
04.03.2016 14:58;9;1.4571E+12;0;5.2;;;;;;
08.03.2016 05:10;9;1.45741E+12;5;0.5;;;;;;
14.03.2016 00:03;9;1.45791E+12;5;4.9;;;;;;
14.03.2016 21:16;5;1.45799E+12;3;5.4;;;;;;
18.03.2016 16:57;8;1.45832E+12;5;15.9;;;;;;
21.03.2016 03:16;7;1.45853E+12;8;3.8;;;;;;
21.03.2016 16:20;6;1.45858E+12;12;7.2;;;;;;
23.03.2016 09:28;6;1.45873E+12;11;5.4;;;;;;
23.03.2016 14:09;8;1.45874E+12;6;6.9;;;;;;
08.04.2016 20:27;5;1.46015E+12;2;6.2;;;;;;
13.04.2016 12:53;6;1.46055E+12;9;11.5;;;;;;
17.04.2016 04:02;8;1.46087E+12;1;11;;;;;;
18.04.2016 04:58;7;1.46096E+12;3;5.8;;;;;;
18.04.2016 07:08;6;1.46096E+12;1;5.9;;;;;;
22.04.2016 01:03;6;1.46129E+12;7;12.9;;;;;;
22.04.2016 18:28;6;1.46135E+12;5;20.1;;;;;;
23.04.2016 18:39;5;1.46144E+12;10;9.4;;;;;;
24.04.2016 20:54;7;1.46153E+12;2;4.6;;;;;;
26.04.2016 01:07;7;1.46163E+12;8;6.2;;;;;;
02.05.2016 13:50;6;1.4622E+12;6;11.6;;;;;;
03.05.2016 21:08;9;1.46231E+12;12;10;;;;;;
05.05.2016 08:36;5;1.46244E+12;4;11.5;;;;;;
09.05.2016 03:10;9;1.46276E+12;7;12.4;;;;;;
18.05.2016 05:00;6;1.46355E+12;12;8.4;;;;;;
19.05.2016 19:02;7;1.46368E+12;2;12.1;;;;;;
20.05.2016 19:08;6;1.46377E+12;3;19.3;;;;;;
27.05.2016 09:55;6;1.46434E+12;11;19.2;;;;;;
03.06.2016 02:30;8;1.46492E+12;9;15;;;;;;
03.06.2016 20:23;5;1.46499E+12;4;17;;;;;;
06.06.2016 04:39;6;1.46519E+12;9;15;;;;;;
06.06.2016 21:22;6;1.46525E+12;8;21;;;;;;
13.06.2016 00:00;9;1.46578E+12;6;16.6;;;;;;
15.06.2016 18:02;8;1.46601E+12;11;15.8;;;;;;
16.06.2016 09:58;6;1.46607E+12;3;13.9;;;;;;
16.06.2016 17:20;9;1.4661E+12;0;15.8;;;;;;
18.06.2016 04:56;7;1.60007E+12;7;12.1;;;;;;
20.06.2016 18:23;9;1.46645E+12;3;21.6;;;;;;
21.06.2016 13:32;7;1.46652E+12;0;19.1;;;;;;
26.06.2016 03:53;6;1.46691E+12;12;15.9;;;;;;
27.06.2016 08:45;9;1.46702E+12;12;17.4;;;;;;
02.07.2016 04:22;5;1.46743E+12;7;19.4;;;;;;
03.07.2016 03:29;6;1.46752E+12;7;14.5;;;;;;
03.07.2016 09:21;6;1.46754E+12;10;16.3;;;;;;
04.07.2016 01:49;7;1.4676E+12;5;15.4;;;;;;
04.07.2016 23:09;7;1.46767E+12;10;20.5;;;;;;
08.07.2016 02:51;7;1.46795E+12;11;17.7;;;;;;
12.07.2016 05:00;6;1.4683E+12;9;17.6;;;;;;
14.07.2016 13:46;6;1.4685E+12;2;13.2;;;;;;
18.07.2016 11:46;6;1.46884E+12;2;23;;;;;;
22.07.2016 15:25;6;1.4692E+12;6;21.3;;;;;;
23.07.2016 09:27;7;1.46927E+12;1;20.3;;;;;;
28.07.2016 19:39;6;1.46973E+12;10;23.8;;;;;;
03.08.2016 08:42;6;1.47021E+12;6;20.3;;;;;;
03.08.2016 16:35;8;1.47024E+12;12;26.8;;;;;;
04.08.2016 12:22;5;1.47031E+12;1;25.6;;;;;;
09.08.2016 20:32;7;1.47077E+12;9;13.9;;;;;;
17.08.2016 08:19;7;1.47142E+12;4;17.8;;;;;;
23.08.2016 02:17;6;1.47192E+12;10;15.5;;;;;;
23.08.2016 13:29;8;1.47196E+12;3;24.3;;;;;;
25.08.2016 14:36;5;1.47214E+12;8;26;;;;;;
26.08.2016 15:52;5;1.47223E+12;9;29;;;;;;
29.08.2016 07:41;9;1.47246E+12;1;20.2;;;;;;
31.08.2016 11:53;5;1.47264E+12;1;22.3;;;;;;
05.09.2016 14:00;6;1.47308E+12;4;15.8;;;;;;
06.09.2016 02:37;5;1.47313E+12;1;13.4;;;;;;
06.09.2016 22:57;8;1.4732E+12;4;18.7;;;;;;
15.09.2016 20:27;8;1.47397E+12;6;19.7;;;;;;
22.09.2016 00:04;6;1.4745E+12;11;12.1;;;;;;
26.09.2016 04:08;7;1.47486E+12;12;13.8;;;;;;
26.09.2016 07:01;6;1.47487E+12;9;13;;;;;;
01.10.2016 22:49;7;1.47536E+12;11;15.5;;;;;;
10.10.2016 17:23;7;1.47612E+12;5;10.7;;;;;;
11.10.2016 10:30;7;1.47618E+12;11;8.1;;;;;;
16.10.2016 10:02;8;1.47661E+12;0;8.6;;;;;;
19.10.2016 00:12;7;1.47684E+12;2;11.1;;;;;;
20.10.2016 00:08;7;1.47692E+12;1;9.5;;;;;;
24.10.2016 21:35;6;1.47734E+12;5;11.8;;;;;;
27.10.2016 07:56;5;1.47755E+12;4;7.7;;;;;;
30.10.2016 13:41;5;1.47783E+12;4;10;;;;;;
05.11.2016 07:37;6;1.47833E+12;6;9.7;;;;;;
06.11.2016 14:21;6;1.47844E+12;7;5.3;;;;;;
07.11.2016 01:34;5;1.47848E+12;8;3.8;;;;;;
09.11.2016 01:54;5;1.47866E+12;10;3.8;;;;;;
13.11.2016 10:20;5;1.47903E+12;11;3.9;;;;;;
17.11.2016 20:29;6;1.47941E+12;11;9.4;;;;;;
25.11.2016 10:23;5;1.48007E+12;11;6.9;;;;;;
25.11.2016 15:05;6;1.48009E+12;9;7.6;;;;;;
27.11.2016 13:04;6;1.48025E+12;9;8.4;;;;;;
28.11.2016 22:25;5;1.48037E+12;10;-0.2;;;;;;
29.11.2016 20:24;5;1.48045E+12;7;-1.1;;;;;;
02.12.2016 13:15;7;1.48068E+12;9;5.3;;;;;;
04.12.2016 17:28;8;1.48087E+12;6;3.4;;;;;;
07.12.2016 14:50;6;1.48112E+12;9;0.2;;;;;;
08.12.2016 13:47;8;1.4812E+12;5;4;;;;;;
09.12.2016 16:58;8;1.4813E+12;2;5.3;;;;;;
09.12.2016 19:25;5;1.48131E+12;5;2.7;;;;;;
13.12.2016 19:57;6;1.48166E+12;2;1.5;;;;;;
17.12.2016 14:57;8;1.48199E+12;10;2.1;;;;;;
19.12.2016 12:33;7;1.48215E+12;12;4.4;;;;;;
25.12.2016 21:57;7;1.4827E+12;11;6.4;;;;;;
04.01.2017 07:44;5;1.48352E+12;5;0.5;;;;;;
05.01.2017 17:42;5;1.48364E+12;12;-1.7;;;;;;
10.01.2017 01:45;5;1.48401E+12;0;0.1;;;;;;
12.01.2017 06:45;8;1.4842E+12;12;6.3;;;;;;
20.01.2017 15:50;7;1.48493E+12;5;-3.7;;;;;;
20.01.2017 21:22;5;1.48495E+12;0;-4.6;;;;;;
24.01.2017 18:39;8;1.48528E+12;5;-4.3;;;;;;
25.01.2017 16:14;7;1.48536E+12;11;-5.5;;;;;;
29.01.2017 08:06;5;1.48568E+12;1;-1.9;;;;;;
02.02.2017 11:33;8;1.48604E+12;7;3.8;;;;;;
03.02.2017 03:13;7;1.48609E+12;8;4.1;;;;;;
04.02.2017 14:34;9;1.48622E+12;1;6;;;;;;
06.02.2017 20:21;6;1.48641E+12;11;3.3;;;;;;
07.02.2017 11:23;8;1.48647E+12;10;2.9;;;;;;
07.02.2017 18:19;8;1.48649E+12;11;3.2;;;;;;
09.02.2017 04:43;9;1.48662E+12;2;0.7;;;;;;
09.02.2017 05:03;5;1.48662E+12;5;0.7;;;;;;
09.02.2017 16:12;9;1.48666E+12;11;1.1;;;;;;
10.02.2017 22:27;6;1.48677E+12;3;0.2;;;;;;
14.02.2017 13:58;7;1.48708E+12;9;5.3;;;;;;
22.02.2017 22:30;7;1.4878E+12;8;8.3;;;;;;
07.03.2017 10:59;7;1.48888E+12;5;4.9;;;;;;
10.03.2017 01:36;6;1.48911E+12;10;8.9;;;;;;
12.03.2017 20:55;9;1.48935E+12;6;8.9;;;;;;
18.03.2017 20:02;5;1.48987E+12;4;9.3;;;;;;
22.03.2017 04:42;7;1.49016E+12;3;5.7;;;;;;
22.03.2017 15:52;9;1.4902E+12;6;6.7;;;;;;
30.03.2017 22:22;8;1.49091E+12;9;13.6;;;;;;
30.03.2017 22:25;9;1.49091E+12;7;13.6;;;;;;
04.04.2017 08:06;6;1.49129E+12;8;9.2;;;;;;
05.04.2017 18:21;9;1.49142E+12;7;13.4;;;;;;
06.04.2017 06:27;7;1.49146E+12;0;8.7;;;;;;
10.04.2017 08:10;7;1.49181E+12;5;12;;;;;;
17.04.2017 03:54;6;1.4924E+12;9;6.7;;;;;;
18.04.2017 14:05;6;1.49252E+12;4;7.2;;;;;;
30.04.2017 02:05;6;1.49352E+12;10;4.7;;;;;;
02.05.2017 15:38;7;1.49374E+12;2;14.1;;;;;;
09.05.2017 15:53;8;1.49435E+12;4;12.9;;;;;;
11.05.2017 23:30;5;1.49455E+12;10;16.6;;;;;;
12.05.2017 20:23;9;1.49462E+12;1;13.7;;;;;;
14.05.2017 07:54;7;1.49475E+12;10;13.6;;;;;;
15.05.2017 02:55;7;1.49482E+12;12;12.8;;;;;;
17.05.2017 01:03;8;1.49498E+12;5;15.5;;;;;;
22.05.2017 01:49;6;1.49542E+12;7;13;;;;;;
26.05.2017 15:01;5;1.49581E+12;4;25.1;;;;;;
27.05.2017 23:27;9;1.49593E+12;10;21.3;;;;;;
30.05.2017 06:11;7;1.49612E+12;10;19;;;;;;
01.06.2017 08:24;7;1.49631E+12;9;19.7;;;;;;
04.06.2017 01:17;9;1.49654E+12;11;17.1;;;;;;
05.06.2017 07:12;9;1.49665E+12;0;14.1;;;;;;
09.06.2017 17:45;8;1.49703E+12;11;23;;;;;;
10.06.2017 13:20;9;1.4971E+12;11;22.5;;;;;;
11.06.2017 19:43;7;1.49721E+12;8;29;;;;;;
15.06.2017 03:51;8;1.4975E+12;3;19.7;;;;;;
15.06.2017 23:18;6;1.49757E+12;6;20.3;;;;;;
18.06.2017 05:59;7;1.49777E+12;2;16.5;;;;;;
23.06.2017 10:40;6;1.49821E+12;12;28.5;;;;;;
30.06.2017 23:07;9;1.49886E+12;11;16.7;;;;;;
02.07.2017 02:25;7;1.49896E+12;10;16.1;;;;;;
03.07.2017 06:14;8;1.49906E+12;9;15;;;;;;
07.07.2017 05:33;8;1.49941E+12;7;23.2;;;;;;
08.07.2017 05:07;7;1.49949E+12;5;21.2;;;;;;
11.07.2017 05:40;5;1.49975E+12;11;18.2;;;;;;
11.07.2017 18:45;5;1.4998E+12;6;19.9;;;;;;
14.07.2017 08:16;9;1.50002E+12;8;16.7;;;;;;
17.07.2017 15:29;7;1.50031E+12;8;26.1;;;;;;
19.07.2017 06:37;6;1.50045E+12;7;18.9;;;;;;
20.07.2017 03:24;5;1.50052E+12;1;20.9;;;;;;
25.07.2017 07:47;9;1.50097E+12;0;15.1;;;;;;
02.08.2017 12:44;7;1.50168E+12;1;25.2;;;;;;
02.08.2017 18:57;6;1.5017E+12;8;28.8;;;;;;
09.08.2017 09:20;9;1.50227E+12;12;17;;;;;;
13.08.2017 19:13;6;1.50265E+12;11;23.8;;;;;;
14.08.2017 22:40;7;1.50275E+12;7;22.6;;;;;;
15.08.2017 02:15;5;1.50276E+12;9;19.4;;;;;;
15.08.2017 15:36;5;1.50281E+12;7;28;;;;;;
16.08.2017 12:19;9;1.50289E+12;4;22.2;;;;;;
25.08.2017 15:37;7;1.50368E+12;3;26.1;;;;;;
27.08.2017 19:59;9;1.50386E+12;7;23.8;;;;;;
02.09.2017 23:59;6;1.5044E+12;7;12.3;;;;;;
03.09.2017 10:22;8;1.50443E+12;9;13;;;;;;
12.09.2017 14:16;6;1.50523E+12;2;13.8;;;;;;
14.09.2017 02:09;8;1.50535E+12;5;21.1;;;;;;
15.09.2017 05:21;5;1.50545E+12;2;8.1;;;;;;
19.09.2017 23:36;8;1.50586E+12;7;11;;;;;;
20.09.2017 05:14;8;1.50588E+12;1;10.7;;;;;;
24.09.2017 04:46;7;1.50623E+12;12;13.9;;;;;;
24.09.2017 08:29;7;1.50624E+12;8;12.5;;;;;;
05.10.2017 07:17;6;1.50719E+12;10;10.4;;;;;;
10.10.2017 04:54;5;1.50761E+12;3;8;;;;;;
10.10.2017 09:10;5;1.50763E+12;7;9.1;;;;;;
13.10.2017 09:23;5;1.50789E+12;12;12.6;;;;;;
13.10.2017 12:17;6;1.5079E+12;4;15.2;;;;;;
13.10.2017 19:28;6;1.50792E+12;1;17.4;;;;;;
14.10.2017 22:01;5;1.50802E+12;9;14.1;;;;;;
15.10.2017 17:41;5;1.50809E+12;0;19.9;;;;;;
18.10.2017 17:01;8;1.50835E+12;5;19.2;;;;;;
20.10.2017 05:07;9;1.50848E+12;5;10.8;;;;;;
23.10.2017 06:54;9;1.50874E+12;1;8.3;;;;;;
24.10.2017 08:06;8;1.50883E+12;7;9.2;;;;;;
27.10.2017 08:12;6;1.50909E+12;11;13.2;;;;;;
27.10.2017 11:17;5;1.5091E+12;4;14.4;;;;;;
31.10.2017 09:38;8;1.50944E+12;10;5.2;;;;;;
31.10.2017 10:29;5;1.50945E+12;3;6;;;;;;
01.11.2017 20:36;8;1.50957E+12;0;7.9;;;;;;
03.11.2017 22:46;7;1.50975E+12;6;8.9;;;;;;
08.11.2017 05:28;5;1.51012E+12;1;5.9;;;;;;
09.11.2017 09:58;8;1.51022E+12;8;6.3;;;;;;
10.11.2017 09:42;5;1.51031E+12;6;6.8;;;;;;
21.11.2017 02:14;5;1.51123E+12;0;7.6;;;;;;
23.11.2017 04:05;9;1.51141E+12;9;2.4;;;;;;
24.11.2017 16:24;6;1.51154E+12;10;13.6;;;;;;
26.11.2017 05:49;8;1.51168E+12;12;2.6;;;;;;
05.12.2017 03:15;5;1.51244E+12;10;3.6;;;;;;
05.12.2017 15:30;5;1.51249E+12;4;5.6;;;;;;
05.12.2017 18:25;8;1.5125E+12;9;2.5;;;;;;
08.12.2017 15:19;7;1.51275E+12;9;3;;;;;;
08.12.2017 17:40;9;1.51275E+12;8;2.7;;;;;;
12.12.2017 05:08;7;1.51306E+12;3;4.1;;;;;;
16.12.2017 21:02;7;1.51346E+12;2;2.8;;;;;;
17.12.2017 14:01;9;1.51352E+12;7;2.4;;;;;;
18.12.2017 07:26;7;1.51358E+12;4;-0.5;;;;;;
18.12.2017 22:27;9;1.51364E+12;5;2;;;;;;
25.12.2017 20:33;5;1.51423E+12;5;0.8;;;;;;
02.01.2018 08:34;8;1.51488E+12;8;4.4;;;;;;
04.01.2018 17:55;5;1.51509E+12;4;12.6;;;;;;
11.01.2018 12:46;5;1.51567E+12;5;7.7;;;;;;
13.01.2018 12:58;9;1.51585E+12;10;4.8;;;;;;
14.01.2018 05:56;6;1.51591E+12;9;-1.1;;;;;;
20.01.2018 16:29;8;1.51647E+12;10;4.8;;;;;;
22.01.2018 03:00;5;1.51659E+12;6;3.5;;;;;;
23.01.2018 13:17;8;1.51671E+12;6;6.2;;;;;;
27.01.2018 18:56;9;1.51708E+12;12;6.9;;;;;;
29.01.2018 18:08;9;1.51725E+12;6;7.7;;;;;;
30.01.2018 14:01;6;1.51732E+12;10;9.8;;;;;;
31.01.2018 06:58;8;1.51738E+12;5;6.1;;;;;;
01.02.2018 19:50;9;1.51751E+12;1;3.8;;;;;;
02.02.2018 08:15;5;1.51756E+12;5;1.7;;;;;;
07.02.2018 00:36;9;1.51796E+12;12;-0.9;;;;;;
08.02.2018 22:22;5;1.51813E+12;2;1.4;;;;;;
10.02.2018 12:09;7;1.51826E+12;4;1.7;;;;;;
10.02.2018 16:44;6;1.51828E+12;9;2.5;;;;;;
15.02.2018 09:42;7;1.51869E+12;8;0;;;;;;
20.02.2018 01:53;6;1.51909E+12;0;1.1;;;;;;
21.02.2018 04:35;7;1.51919E+12;0;-0.9;;;;;;
25.02.2018 01:59;6;1.51952E+12;0;-2.4;;;;;;
26.02.2018 05:42;6;1.51962E+12;10;-8.3;;;;;;
01.03.2018 07:50;6;1.51989E+12;10;-6.5;;;;;;
03.03.2018 03:06;9;1.52005E+12;4;-1.3;;;;;;
03.03.2018 09:59;7;1.52007E+12;2;0;;;;;;
13.03.2018 07:03;6;1.52092E+12;8;7.3;;;;;;
20.03.2018 10:46;9;1.52154E+12;3;-0.2;;;;;;
25.03.2018 14:56;6;1.52199E+12;10;12.8;;;;;;
26.03.2018 19:37;9;1.52209E+12;8;6.6;;;;;;
02.04.2018 21:29;9;1.5227E+12;6;10.4;;;;;;
12.04.2018 06:18;7;1.52351E+12;1;9.4;;;;;;
21.04.2018 04:14;7;1.52428E+12;3;12.9;;;;;;
21.04.2018 15:40;9;1.52433E+12;4;21.3;;;;;;
21.04.2018 20:16;7;1.52434E+12;11;22.8;;;;;;
25.04.2018 20:31;7;1.52469E+12;2;19.4;;;;;;
27.04.2018 04:49;9;1.5248E+12;12;9.1;;;;;;
27.04.2018 07:14;7;1.52481E+12;5;8.2;;;;;;
06.05.2018 18:44;9;1.52563E+12;6;24.8;;;;;;
07.05.2018 05:26;9;1.52567E+12;2;12.9;;;;;;
09.05.2018 06:09;9;1.52585E+12;0;12.6;;;;;;
10.05.2018 11:15;5;1.52595E+12;2;13.4;;;;;;
10.05.2018 16:58;8;1.52597E+12;7;13;;;;;;
11.05.2018 18:11;6;1.52606E+12;2;20.3;;;;;;
12.05.2018 12:39;5;1.52613E+12;4;20.6;;;;;;
15.05.2018 09:31;9;1.52638E+12;7;11.9;;;;;;
15.05.2018 15:01;7;1.5264E+12;12;13.7;;;;;;
19.05.2018 19:05;8;1.52676E+12;8;18.1;;;;;;
21.05.2018 22:28;8;1.52694E+12;0;17;;;;;;
22.05.2018 14:27;6;1.527E+12;12;21.2;;;;;;
24.05.2018 18:01;6;1.52718E+12;11;23.3;;;;;;
26.05.2018 16:29;5;1.52735E+12;3;26.3;;;;;;
27.05.2018 07:15;7;1.52741E+12;11;18.1;;;;;;
28.05.2018 02:27;9;1.52747E+12;8;19.7;;;;;;
28.05.2018 03:06;6;1.52748E+12;8;19.3;;;;;;
01.06.2018 07:29;7;1.52784E+12;8;17.5;;;;;;
01.06.2018 11:17;8;1.52785E+12;4;20.7;;;;;;
01.06.2018 22:15;9;1.52789E+12;12;18.9;;;;;;
09.06.2018 19:39;9;1.52857E+12;7;25.1;;;;;;
13.06.2018 15:51;9;1.52891E+12;2;14.7;;;;;;
14.06.2018 04:02;8;1.52895E+12;8;11.2;;;;;;
16.06.2018 17:28;7;1.52917E+12;4;24.5;;;;;;
17.06.2018 09:29;8;1.52923E+12;2;19.6;;;;;;
23.06.2018 13:59;5;1.52976E+12;1;19.4;;;;;;
01.07.2018 02:30;9;1.53041E+12;3;22.1;;;;;;
03.07.2018 10:02;7;1.53061E+12;7;19;;;;;;
06.07.2018 22:26;9;1.53092E+12;1;18.7;;;;;;
09.07.2018 06:44;7;1.53112E+12;8;17.5;;;;;;
14.07.2018 13:09;9;1.53157E+12;5;25.6;;;;;;
15.07.2018 05:22;9;1.53163E+12;8;19.8;;;;;;
16.07.2018 00:18;7;1.5317E+12;9;19.2;;;;;;
19.07.2018 23:56;5;1.53204E+12;5;23.3;;;;;;
22.07.2018 04:14;6;1.53223E+12;5;17.8;;;;;;
22.07.2018 22:49;5;1.5323E+12;5;19.9;;;;;;
27.07.2018 07:42;5;1.53268E+12;0;21.3;;;;;;
29.07.2018 21:25;8;1.5329E+12;2;27.6;;;;;;
02.08.2018 14:47;8;1.53322E+12;11;28.1;;;;;;
03.08.2018 07:17;5;1.53328E+12;0;22.4;;;;;;
05.08.2018 00:52;5;1.53343E+12;7;25.6;;;;;;
07.08.2018 16:45;5;1.53366E+12;4;29.3;;;;;;
07.08.2018 19:47;5;1.53367E+12;7;30.2;;;;;;
08.08.2018 10:49;9;1.53373E+12;2;21.6;;;;;;
13.08.2018 18:47;8;1.53419E+12;4;22.8;;;;;;
19.08.2018 06:30;9;1.53466E+12;2;18.5;;;;;;
22.08.2018 22:30;7;1.53498E+12;8;24.6;;;;;;
04.09.2018 13:58;5;1.53607E+12;10;21.4;;;;;;
06.09.2018 11:28;7;1.53623E+12;0;20.8;;;;;;
12.09.2018 08:55;5;1.53674E+12;8;17.7;;;;;;
15.09.2018 16:13;8;1.53703E+12;11;22.3;;;;;;
16.09.2018 09:29;9;1.53709E+12;1;15.1;;;;;;
17.09.2018 23:17;7;1.53723E+12;1;19.2;;;;;;
20.09.2018 01:08;9;1.53741E+12;10;18.4;;;;;;
23.09.2018 06:23;8;1.53768E+12;6;19.1;;;;;;
30.09.2018 09:11;6;1.5383E+12;2;11.4;;;;;;
01.10.2018 15:05;9;1.53841E+12;6;11.2;;;;;;
02.10.2018 23:02;5;1.53852E+12;3;12.4;;;;;;
05.10.2018 14:45;5;1.53875E+12;10;18.7;;;;;;
06.10.2018 07:07;5;1.53881E+12;10;12;;;;;;
06.10.2018 11:05;9;1.53882E+12;10;15.2;;;;;;
08.10.2018 14:48;8;1.53901E+12;7;15.9;;;;;;
11.10.2018 09:38;6;1.53925E+12;0;14.3;;;;;;
11.10.2018 14:57;5;1.53927E+12;10;16.9;;;;;;
12.10.2018 20:31;9;1.53938E+12;8;17.4;;;;;;
15.10.2018 00:00;8;1.53956E+12;2;12.6;;;;;;
16.10.2018 18:36;9;1.53971E+12;5;21;;;;;;
21.10.2018 16:42;9;1.54014E+12;8;16.1;;;;;;
23.10.2018 13:43;7;1.5403E+12;2;12.2;;;;;;
25.10.2018 18:54;7;1.54049E+12;8;16.2;;;;;;
28.10.2018 04:06;9;1.5407E+12;10;3;;;;;;
02.11.2018 18:06;5;1.54118E+12;2;11.7;;;;;;
04.11.2018 12:35;8;1.54133E+12;1;10.8;;;;;;
06.11.2018 02:30;6;1.54147E+12;12;7.6;;;;;;
07.11.2018 12:33;9;1.54159E+12;0;13.3;;;;;;
08.11.2018 10:52;7;1.54167E+12;3;12.1;;;;;;
11.11.2018 19:18;6;1.54196E+12;12;12.1;;;;;;
13.11.2018 06:50;6;1.54209E+12;4;8.9;;;;;;
13.11.2018 17:51;5;1.54213E+12;6;10.7;;;;;;
14.11.2018 00:24;7;1.54216E+12;10;9;;;;;;
17.11.2018 05:04;9;1.54243E+12;10;4.1;;;;;;
20.11.2018 03:34;5;1.54268E+12;5;0.7;;;;;;
21.11.2018 02:01;5;1.54277E+12;10;-0.5;;;;;;
21.11.2018 04:56;6;1.54278E+12;11;0.8;;;;;;
22.11.2018 00:38;9;1.54285E+12;7;2.4;;;;;;
22.11.2018 09:52;6;1.54288E+12;12;2.7;;;;;;
01.12.2018 13:43;6;1.54367E+12;9;8.9;;;;;;
05.12.2018 00:20;5;1.54397E+12;1;7.2;;;;;;
08.12.2018 22:09;6;1.54431E+12;0;9;;;;;;
12.12.2018 22:38;6;1.54465E+12;2;1.2;;;;;;
19.12.2018 02:55;5;1.54519E+12;1;0.8;;;;;;
19.12.2018 19:30;7;1.54525E+12;10;4.2;;;;;;
20.12.2018 02:39;9;1.54527E+12;10;5.3;;;;;;
22.12.2018 17:35;8;1.5455E+12;4;11.4;;;;;;
23.12.2018 19:34;6;1.54559E+12;5;11;;;;;;
26.12.2018 00:17;9;1.54578E+12;8;0.8;;;;;;
29.12.2018 10:18;6;1.54608E+12;6;2;;;;;;
03.01.2019 12:27;6;1.54652E+12;0;1.7;;;;;;
06.01.2019 10:30;8;1.54677E+12;9;2.9;;;;;;
08.01.2019 18:17;6;1.54697E+12;5;4.7;;;;;;
09.01.2019 20:51;5;1.54707E+12;11;0.3;;;;;;
16.01.2019 23:12;5;1.54768E+12;11;6.8;;;;;;
22.01.2019 20:52;9;1.54819E+12;3;-0.6;;;;;;
23.01.2019 23:57;5;1.54829E+12;7;-1;;;;;;
24.01.2019 16:25;9;1.54835E+12;10;-0.4;;;;;;
24.01.2019 17:04;7;1.54835E+12;8;-0.5;;;;;;
25.01.2019 16:53;6;1.54844E+12;1;1.4;;;;;;
26.01.2019 02:47;8;1.54847E+12;5;0.4;;;;;;
26.01.2019 13:04;7;1.54851E+12;9;1.7;;;;;;
27.01.2019 00:39;7;1.54855E+12;6;2.6;;;;;;
02.02.2019 00:25;5;1.54907E+12;9;2.6;;;;;;
08.02.2019 07:19;6;1.54961E+12;10;0.6;;;;;;
15.02.2019 14:42;5;1.55024E+12;7;7.7;;;;;;
15.02.2019 15:16;5;1.55024E+12;10;7.9;;;;;;
22.02.2019 04:28;9;1.55081E+12;6;6;;;;;;
25.02.2019 04:36;7;1.55107E+12;1;1.9;;;;;;
26.02.2019 07:07;6;1.55116E+12;12;1.8;;;;;;
01.03.2019 12:14;7;1.55144E+12;3;7.8;;;;;;
09.03.2019 02:34;5;1.5521E+12;7;6.4;;;;;;
13.03.2019 08:01;5;1.55246E+12;3;5.1;;;;;;
13.03.2019 12:46;7;1.55248E+12;11;4.1;;;;;;
16.03.2019 09:49;6;1.55273E+12;1;11.5;;;;;;
17.03.2019 22:34;6;1.55286E+12;5;4.6;;;;;;
19.03.2019 10:41;8;1.55299E+12;3;3.9;;;;;;
20.03.2019 06:25;7;1.55306E+12;2;-0.4;;;;;;
22.03.2019 03:20;8;1.55322E+12;10;2.7;;;;;;
25.03.2019 12:28;9;1.55352E+12;0;9.6;;;;;;
27.03.2019 07:57;7;1.55367E+12;12;4.3;;;;;;
30.03.2019 00:22;8;1.55391E+12;8;7.2;;;;;;
30.03.2019 22:32;6;1.55399E+12;2;9.3;;;;;;
10.04.2019 12:39;8;1.5549E+12;12;10.1;;;;;;
15.04.2019 16:55;8;1.55535E+12;5;13.6;;;;;;
15.04.2019 21:41;9;1.55536E+12;10;9.7;;;;;;
19.04.2019 01:53;5;1.55564E+12;5;10.6;;;;;;
01.05.2019 15:01;7;1.55672E+12;7;16.9;;;;;;
02.05.2019 03:42;9;1.55677E+12;9;7.9;;;;;;
06.05.2019 03:04;8;1.55711E+12;5;3.2;;;;;;
09.05.2019 07:09;7;1.55739E+12;11;6.8;;;;;;
10.05.2019 15:05;5;1.5575E+12;3;14.6;;;;;;
10.05.2019 15:59;7;1.5575E+12;1;14.5;;;;;;
14.05.2019 03:40;6;1.55781E+12;4;7.1;;;;;;
15.05.2019 07:53;7;1.55791E+12;6;6.5;;;;;;
16.05.2019 18:54;6;1.55803E+12;8;14.7;;;;;;
18.05.2019 14:33;5;1.55819E+12;5;16.5;;;;;;
19.05.2019 21:47;6;1.5583E+12;1;13.6;;;;;;
24.05.2019 07:44;5;1.55868E+12;12;13.2;;;;;;
28.05.2019 06:20;5;1.55902E+12;5;14.5;;;;;;
08.06.2019 04:08;9;1.55997E+12;9;14.9;;;;;;
08.06.2019 10:42;9;1.55999E+12;3;16.7;;;;;;
09.06.2019 22:00;9;1.56012E+12;6;15.8;;;;;;
12.06.2019 03:30;5;1.56031E+12;1;14.7;;;;;;
13.06.2019 17:17;5;1.56045E+12;9;22.7;;;;;;
18.06.2019 04:38;5;1.56083E+12;3;16.7;;;;;;
21.06.2019 21:19;8;1.56115E+12;5;21.3;;;;;;
24.06.2019 17:52;8;1.5614E+12;5;30.7;;;;;;
26.06.2019 13:57;8;1.56156E+12;9;28.4;;;;;;
27.06.2019 09:50;8;1.56163E+12;12;26.1;;;;;;
28.06.2019 10:27;6;1.56172E+12;2;26;;;;;;
01.07.2019 22:36;5;1.56202E+12;8;26.5;;;;;;
04.07.2019 03:45;9;1.56221E+12;1;19.4;;;;;;
04.07.2019 15:18;8;1.56225E+12;3;27.3;;;;;;
04.07.2019 20:35;5;1.56227E+12;7;27.1;;;;;;
05.07.2019 11:57;6;1.56233E+12;1;26;;;;;;
08.07.2019 15:23;7;1.5626E+12;11;22.8;;;;;;
09.07.2019 05:30;9;1.56265E+12;0;16.1;;;;;;
10.07.2019 15:54;7;1.56277E+12;6;22.4;;;;;;
14.07.2019 12:21;5;1.56311E+12;9;21.4;;;;;;
18.07.2019 23:41;9;1.56349E+12;12;22.4;;;;;;
22.07.2019 06:42;8;1.56378E+12;10;19.8;;;;;;
22.07.2019 08:46;6;1.56379E+12;8;23.4;;;;;;
23.07.2019 23:34;8;1.56392E+12;5;25.6;;;;;;
26.07.2019 15:43;9;1.56416E+12;8;31.9;;;;;;
02.08.2019 21:58;6;1.56478E+12;10;21.1;;;;;;
10.08.2019 09:25;8;1.56543E+12;9;18.4;;;;;;
11.08.2019 00:00;8;1.56548E+12;0;20.1;;;;;;
11.08.2019 07:08;5;1.56551E+12;12;16.1;;;;;;
11.08.2019 07:27;9;1.56551E+12;6;16.4;;;;;;
12.08.2019 01:20;9;1.56557E+12;10;17.1;;;;;;
12.08.2019 17:59;7;1.56563E+12;10;19.6;;;;;;
13.08.2019 12:51;9;1.5657E+12;3;17.5;;;;;;
14.08.2019 04:23;8;1.56576E+12;5;13.7;;;;;;
26.08.2019 11:53;9;1.56682E+12;8;22;;;;;;
27.08.2019 17:18;5;1.56693E+12;11;28.2;;;;;;
29.08.2019 23:04;6;1.56712E+12;11;20.3;;;;;;
05.09.2019 10:26;9;1.56768E+12;3;17.7;;;;;;
06.09.2019 02:47;6;1.56774E+12;8;13.2;;;;;;
13.09.2019 00:58;8;1.56834E+12;9;15.6;;;;;;
13.09.2019 06:00;6;1.56835E+12;6;13.4;;;;;;
15.09.2019 17:21;5;1.56857E+12;6;24.7;;;;;;
19.09.2019 02:01;6;1.56886E+12;12;12.6;;;;;;
19.09.2019 22:58;9;1.56893E+12;7;12.8;;;;;;
21.09.2019 06:23;9;1.56905E+12;7;8.9;;;;;;
28.09.2019 23:02;7;1.56971E+12;3;14.6;;;;;;
03.10.2019 11:43;9;1.5701E+12;10;11;;;;;;
06.10.2019 12:29;8;1.57036E+12;5;13.4;;;;;;
08.10.2019 07:44;7;1.57052E+12;0;10.9;;;;;;
09.10.2019 10:42;6;1.57062E+12;8;11.9;;;;;;
13.10.2019 08:00;7;1.57095E+12;11;13;;;;;;
14.10.2019 03:10;7;1.57102E+12;12;12.7;;;;;;
16.10.2019 00:23;8;1.57119E+12;3;11.6;;;;;;
16.10.2019 02:53;6;1.57119E+12;7;11.6;;;;;;
17.10.2019 12:43;9;1.57132E+12;7;15.6;;;;;;
24.10.2019 09:41;7;1.57191E+12;9;14;;;;;;
26.10.2019 13:37;5;1.5721E+12;12;13.5;;;;;;
28.10.2019 08:22;6;1.57225E+12;4;13.6;;;;;;
03.11.2019 10:58;5;1.57278E+12;9;11.1;;;;;;
11.11.2019 02:51;7;1.57344E+12;6;3.3;;;;;;
12.11.2019 19:28;8;1.57359E+12;12;6.1;;;;;;
19.11.2019 06:42;8;1.57415E+12;3;2.1;;;;;;
20.11.2019 13:35;6;1.57426E+12;6;6.4;;;;;;
23.11.2019 00:10;6;1.57447E+12;12;3.8;;;;;;
23.11.2019 12:47;8;1.57451E+12;3;7.1;;;;;;
25.11.2019 03:53;8;1.57465E+12;9;7;;;;;;
29.11.2019 02:15;8;1.57499E+12;3;9.8;;;;;;
02.12.2019 21:13;8;1.57532E+12;10;1.8;;;;;;
19.12.2019 09:14;7;1.57675E+12;4;4.8;;;;;;
19.12.2019 23:57;9;1.5768E+12;6;4.9;;;;;;
23.12.2019 08:45;7;1.57709E+12;5;6.5;;;;;;
23.12.2019 11:15;5;1.5771E+12;7;6.8;;;;;;
23.12.2019 22:53;5;1.57714E+12;12;6.5;;;;;;
24.12.2019 00:36;5;1.57715E+12;12;6.6;;;;;;
26.12.2019 00:20;6;1.57732E+12;11;5.5;;;;;;
30.12.2019 03:51;8;1.57768E+12;1;-1.7;;;;;;
30.12.2019 05:47;6;1.57768E+12;6;-0.8;;;;;;
04.01.2020 23:45;8;1.57818E+12;4;4.4;;;;;;
05.01.2020 04:30;5;1.5782E+12;3;2.4;;;;;;
05.01.2020 14:58;6;1.57824E+12;8;7.9;;;;;;
08.01.2020 07:10;6;1.57847E+12;5;0.7;;;;;;
10.01.2020 21:05;9;1.57869E+12;10;8.9;;;;;;
16.01.2020 18:28;9;1.5792E+12;5;6.7;;;;;;
18.01.2020 17:44;9;1.57937E+12;0;5.4;;;;;;
19.01.2020 14:56;5;1.57945E+12;4;4;;;;;;
22.01.2020 05:26;7;1.57967E+12;4;-2.6;;;;;;
25.01.2020 17:59;6;1.57998E+12;4;1.8;;;;;;
01.02.2020 15:59;8;1.58057E+12;8;13.1;;;;;;
02.02.2020 03:08;9;1.58061E+12;4;11;;;;;;
04.02.2020 10:07;9;1.58081E+12;4;3.6;;;;;;
10.02.2020 17:58;7;1.58136E+12;8;10.2;;;;;;
11.02.2020 01:02;6;1.58138E+12;3;10.8;;;;;;
12.02.2020 14:07;5;1.58152E+12;0;6.1;;;;;;
23.02.2020 06:52;5;1.58244E+12;9;8.3;;;;;;
25.02.2020 20:36;7;1.58266E+12;3;8.1;;;;;;
28.02.2020 04:34;5;1.58286E+12;2;3.4;;;;;;
02.03.2020 05:14;7;1.58313E+12;7;3.4;;;;;;
02.03.2020 08:22;6;1.58314E+12;7;4.7;;;;;;
09.03.2020 00:13;5;1.58371E+12;5;6;;;;;;
14.03.2020 00:37;9;1.58415E+12;9;3.3;;;;;;
17.03.2020 05:31;6;1.58442E+12;9;6.2;;;;;;
18.03.2020 07:06;9;1.58452E+12;3;6;;;;;;
19.03.2020 08:22;5;1.58461E+12;11;9.6;;;;;;
21.03.2020 02:25;6;1.58476E+12;5;9;;;;;;
27.03.2020 19:00;6;1.58534E+12;1;10.7;;;;;;
31.03.2020 16:01;6;1.58567E+12;8;9;;;;;;
02.04.2020 04:53;8;1.5858E+12;4;1.3;;;;;;
08.04.2020 23:01;7;1.58639E+12;11;13.7;;;;;;
16.04.2020 12:52;9;1.58704E+12;9;14.6;;;;;;
17.04.2020 13:59;7;1.58713E+12;11;18.3;;;;;;
17.04.2020 23:38;9;1.58717E+12;6;16.5;;;;;;
18.04.2020 08:22;8;1.5872E+12;4;13.7;;;;;;
19.04.2020 00:31;8;1.58726E+12;12;15.9;;;;;;
22.04.2020 00:08;9;1.58751E+12;8;14.6;;;;;;
25.04.2020 20:13;8;1.58785E+12;1;20.5;;;;;;
08.05.2020 16:12;8;1.58895E+12;0;24.3;;;;;;
11.05.2020 05:15;7;1.58917E+12;4;17.1;;;;;;
11.05.2020 11:48;8;1.5892E+12;5;17.5;;;;;;
11.05.2020 14:24;6;1.58921E+12;3;14.3;;;;;;
14.05.2020 12:09;7;1.58946E+12;5;10;;;;;;
17.05.2020 11:02;5;1.58971E+12;7;16.9;;;;;;
22.05.2020 05:03;8;1.59012E+12;9;14.4;;;;;;
23.05.2020 17:56;8;1.59026E+12;10;13.5;;;;;;
31.05.2020 01:15;9;1.59089E+12;1;13.6;;;;;;
12.06.2020 09:13;6;1.59195E+12;3;16.7;;;;;;
18.06.2020 16:16;9;1.5925E+12;8;20.7;;;;;;
29.06.2020 02:24;7;1.5934E+12;10;15.8;;;;;;
30.06.2020 16:54;7;1.59354E+12;8;25.2;;;;;;
01.07.2020 17:37;6;1.59363E+12;7;28.1;;;;;;
05.07.2020 03:43;7;1.59392E+12;3;17.3;;;;;;
06.07.2020 05:06;7;1.59401E+12;7;22;;;;;;
07.07.2020 17:30;7;1.59414E+12;12;22.6;;;;;;
08.07.2020 17:01;9;1.59423E+12;6;25.7;;;;;;
09.07.2020 07:32;6;1.59428E+12;8;19.4;;;;;;
09.07.2020 08:29;5;1.59428E+12;12;21.8;;;;;;
14.07.2020 19:43;5;1.59476E+12;9;24.7;;;;;;
19.07.2020 18:11;8;1.59518E+12;5;25.6;;;;;;
20.07.2020 23:30;6;1.59529E+12;4;22.2;;;;;;
23.07.2020 10:38;6;1.5955E+12;10;22.7;;;;;;
23.07.2020 14:22;6;1.59551E+12;2;25.6;;;;;;
26.07.2020 07:48;6;1.59575E+12;10;19.2;;;;;;
05.08.2020 14:53;8;1.59664E+12;7;22.2;;;;;;
08.08.2020 16:10;9;1.5969E+12;2;29.5;;;;;;
10.08.2020 09:22;5;1.59705E+12;4;21.7;;;;;;
16.08.2020 21:14;8;1.59761E+12;11;25.8;;;;;;
21.08.2020 12:48;5;1.59801E+12;0;28.4;;;;;;
24.08.2020 02:36;5;1.59824E+12;3;18.5;;;;;;
25.08.2020 05:53;6;1.59833E+12;2;13.9;;;;;;
25.08.2020 06:52;6;1.59834E+12;4;13.8;;;;;;
25.08.2020 09:12;8;1.59835E+12;12;17.8;;;;;;
12.09.2020 15:16;7;1.59992E+12;4;24.1;;;;;;
12.09.2020 23:57;5;1.59996E+12;11;19.2;;;;;;
14.09.2020 13:37;9;1.60009E+12;0;22.9;;;;;;
18.09.2020 18:17;5;1.60045E+12;5;22.2;;;;;;
21.09.2020 20:29;6;1.60072E+12;7;21.5;;;;;;
26.09.2020 04:28;7;1.60109E+12;8;9.2;;;;;;
26.09.2020 19:11;9;1.60115E+12;3;8.7;;;;;;
30.09.2020 09:49;7;1.60146E+12;11;11.2;;;;;;
05.10.2020 00:20;9;1.60186E+12;11;11.9;;;;;;
07.10.2020 11:16;9;1.60207E+12;8;12.9;;;;;;
12.10.2020 21:20;7;1.60254E+12;12;8.9;;;;;;
22.10.2020 02:24;5;1.60333E+12;6;10.7;;;;;;
27.10.2020 19:58;6;1.60383E+12;2;8.1;;;;;;
13.11.2020 04:02;9;1.60524E+12;0;5.6;;;;;;
16.11.2020 16:00;5;1.60554E+12;10;11.8;;;;;;
18.11.2020 08:21;6;1.60569E+12;6;4.6;;;;;;
19.11.2020 09:49;7;1.60578E+12;8;10.7;;;;;;
20.11.2020 07:52;6;1.60586E+12;7;5.8;;;;;;
20.11.2020 10:29;6;1.60587E+12;12;6.4;;;;;;
28.11.2020 02:35;7;1.60653E+12;2;1.8;;;;;;
28.11.2020 18:24;7;1.60659E+12;4;1.6;;;;;;
29.11.2020 17:14;7;1.60667E+12;4;1.5;;;;;;
30.11.2020 22:59;6;1.60678E+12;8;1.7;;;;;;
03.12.2020 16:33;6;1.60701E+12;7;3.8;;;;;;
09.12.2020 05:25;7;1.60749E+12;6;2.5;;;;;;
11.12.2020 11:43;5;1.60769E+12;8;0.4;;;;;;
12.12.2020 17:38;7;1.60779E+12;12;6.4;;;;;;
15.12.2020 14:03;6;1.60804E+12;8;6.7;;;;;;
21.12.2020 13:57;7;1.60856E+12;12;6.4;;;;;;
26.12.2020 17:48;8;1.39059E+12;11;0.2;;;;;;
27.12.2020 15:50;6;1.60908E+12;6;0.4;;;;;;
04.01.2021 06:08;9;1.60974E+12;8;0.2;;;;;;
04.01.2021 12:22;6;1.60976E+12;9;1.7;;;;;;
05.01.2021 17:53;5;1.60987E+12;5;0.5;;;;;;
08.01.2021 06:06;7;1.61009E+12;7;-0.2;;;;;;
13.01.2021 17:07;7;1.61056E+12;12;5.5;;;;;;
15.01.2021 15:21;9;1.61072E+12;2;-1.3;;;;;;
16.01.2021 11:42;9;1.6108E+12;5;-2.8;;;;;;
18.01.2021 02:41;7;1.61094E+12;1;2.4;;;;;;
28.01.2021 20:18;5;1.61187E+12;12;10.4;;;;;;
28.01.2021 23:59;9;1.61188E+12;8;10.3;;;;;;
31.01.2021 08:56;7;1.61208E+12;2;4.9;;;;;;
07.02.2021 18:46;9;1.61272E+12;1;4.5;;;;;;
09.02.2021 14:17;9;1.61288E+12;7;1.6;;;;;;
16.02.2021 20:26;7;1.61351E+12;11;5.4;;;;;;
25.02.2021 02:30;8;1.61422E+12;7;5.2;;;;;;
08.03.2021 09:59;6;1.6152E+12;7;4.6;;;;;;
10.03.2021 04:23;5;1.61535E+12;1;2.3;;;;;;
11.03.2021 18:22;8;1.61549E+12;4;10.7;;;;;;
19.03.2021 04:48;5;1.61613E+12;7;-0.5;;;;;;
19.03.2021 14:49;9;1.61617E+12;1;6.4;;;;;;
20.03.2021 07:47;5;1.61623E+12;5;-0.5;;;;;;
21.03.2021 20:45;8;1.61636E+12;5;3.6;;;;;;
23.03.2021 14:41;7;1.61651E+12;8;7.9;;;;;;
23.03.2021 22:42;8;1.61654E+12;8;4;;;;;;
31.03.2021 08:23;5;1.61718E+12;9;8;;;;;;
07.04.2021 18:30;5;1.61782E+12;1;4;;;;;;
10.04.2021 17:21;7;1.61808E+12;10;16.6;;;;;;
11.04.2021 16:45;8;1.61816E+12;2;17.9;;;;;;
12.04.2021 14:22;9;1.61824E+12;8;4.6;;;;;;
15.04.2021 18:35;7;1.61851E+12;3;8;;;;;;
17.04.2021 02:17;7;1.61863E+12;12;2.8;;;;;;
23.04.2021 18:13;9;1.6192E+12;2;19.5;;;;;;
23.04.2021 23:20;8;1.61922E+12;1;12.2;;;;;;
27.04.2021 12:34;5;1.61953E+12;0;13.3;;;;;;
27.04.2021 20:52;5;1.61956E+12;4;17.2;;;;;;
28.04.2021 07:31;9;1.6196E+12;8;10.7;;;;;;
28.04.2021 15:39;9;1.61962E+12;6;19.7;;;;;;
29.04.2021 03:38;9;1.61967E+12;5;11.9;;;;;;
29.04.2021 15:03;8;1.61971E+12;8;13.3;;;;;;
05.05.2021 10:17;6;1.62021E+12;2;8.5;;;;;;
08.05.2021 10:51;5;1.62047E+12;1;10.4;;;;;;
20.05.2021 07:37;9;1.6215E+12;12;8.9;;;;;;
25.05.2021 01:10;5;1.62191E+12;3;10.5;;;;;;
26.05.2021 19:17;6;1.62206E+12;3;13.6;;;;;;
27.05.2021 16:02;9;1.62213E+12;2;12.3;;;;;;
30.05.2021 11:20;6;1.62237E+12;10;17.8;;;;;;
03.06.2021 14:38;5;1.62273E+12;1;23.1;;;;;;
04.06.2021 08:03;8;1.62279E+12;12;18.3;;;;;;
05.06.2021 02:05;8;1.62286E+12;9;17.1;;;;;;
05.06.2021 08:39;5;1.62288E+12;12;17;;;;;;
08.06.2021 02:18;8;1.62312E+12;11;15.9;;;;;;
08.06.2021 23:55;5;1.6232E+12;4;16.4;;;;;;
12.06.2021 02:11;9;1.62346E+12;8;18.1;;;;;;
12.06.2021 20:38;9;1.62353E+12;1;24.4;;;;;;
14.06.2021 05:45;9;1.62365E+12;7;15.6;;;;;;
18.06.2021 12:19;8;1.62402E+12;12;25.8;;;;;;
19.06.2021 10:50;7;1.6241E+12;11;23.5;;;;;;
26.06.2021 00:58;6;1.62467E+12;9;16.6;;;;;;
26.06.2021 23:20;5;1.62475E+12;3;20.6;;;;;;
27.06.2021 08:05;8;1.62478E+12;12;20.2;;;;;;
03.07.2021 05:36;7;1.62529E+12;12;14.7;;;;;;
03.07.2021 15:22;7;1.62533E+12;9;23.8;;;;;;
05.07.2021 09:51;7;1.62548E+12;6;17.5;;;;;;
08.07.2021 03:50;6;1.62572E+12;10;16.9;;;;;;
08.07.2021 22:01;8;1.62578E+12;9;15.1;;;;;;
12.07.2021 23:31;5;1.62613E+12;5;20.3;;;;;;
17.07.2021 13:47;6;1.62653E+12;3;21.4;;;;;;
17.07.2021 23:27;8;1.62656E+12;8;19.4;;;;;;
19.07.2021 02:16;5;1.62666E+12;11;17.8;;;;;;
24.07.2021 05:33;8;1.6271E+12;6;20.8;;;;;;
26.07.2021 23:28;9;1.62734E+12;8;18.8;;;;;;
27.07.2021 10:56;5;1.62738E+12;0;19.5;;;;;;
31.07.2021 19:09;9;1.62776E+12;12;21.5;;;;;;
02.08.2021 02:30;6;1.62787E+12;12;13.7;;;;;;
15.08.2021 01:51;6;1.62899E+12;12;23.2;;;;;;
15.08.2021 22:45;7;1.62907E+12;3;25.2;;;;;;
26.08.2021 18:41;7;1.63E+12;10;18.9;;;;;;
27.08.2021 09:58;8;1.63006E+12;0;16.5;;;;;;
01.09.2021 21:13;8;1.63053E+12;10;18.1;;;;;;
08.09.2021 04:17;7;1.63107E+12;5;15.1;;;;;;
19.09.2021 17:45;8;1.63207E+12;8;12.1;;;;;;
21.09.2021 10:14;9;1.63222E+12;4;13.1;;;;;;
23.09.2021 03:18;8;1.63237E+12;9;11.2;;;;;;
24.09.2021 11:41;8;1.63248E+12;3;17.4;;;;;;
25.09.2021 11:29;9;1.63257E+12;12;17.4;;;;;;
28.09.2021 06:13;6;1.63281E+12;3;14.4;;;;;;
29.09.2021 06:22;5;1.6329E+12;1;15.4;;;;;;
30.09.2021 09:00;7;1.63299E+12;9;11.5;;;;;;
02.10.2021 11:04;8;1.63317E+12;7;16.8;;;;;;
05.10.2021 23:00;8;1.63347E+12;12;13.3;;;;;;
10.10.2021 00:42;8;1.63383E+12;6;10;;;;;;
16.10.2021 02:01;9;1.63435E+12;5;7.5;;;;;;
20.10.2021 22:29;9;1.63477E+12;2;13;;;;;;
24.10.2021 02:57;9;1.63504E+12;12;5.1;;;;;;
01.11.2021 07:22;7;1.63575E+12;9;10.1;;;;;;
04.11.2021 14:44;9;1.63604E+12;12;8.2;;;;;;
09.11.2021 10:26;8;1.63645E+12;0;5.3;;;;;;
11.11.2021 00:39;5;1.63659E+12;7;3.6;;;;;;
14.11.2021 00:43;7;1.63685E+12;9;8.5;;;;;;
14.11.2021 01:23;5;1.63685E+12;0;8.3;;;;;;
14.11.2021 12:45;8;1.63689E+12;5;10;;;;;;
17.11.2021 16:16;6;1.63717E+12;1;5.9;;;;;;
18.11.2021 06:52;5;1.63722E+12;1;2.8;;;;;;
18.11.2021 14:13;5;1.63724E+12;6;9.4;;;;;;
23.11.2021 02:27;5;1.63763E+12;12;5.4;;;;;;
23.11.2021 15:13;9;1.63768E+12;7;4.3;;;;;;
23.11.2021 19:11;7;1.63769E+12;2;4.3;;;;;;
24.11.2021 05:57;8;1.63773E+12;10;3.8;;;;;;
26.11.2021 13:18;7;1.63793E+12;11;1.5;;;;;;
28.11.2021 22:31;7;1.63814E+12;0;2.2;;;;;;
04.12.2021 03:25;8;1.63859E+12;6;1.3;;;;;;
06.12.2021 21:13;6;1.63883E+12;12;2.7;;;;;;
06.12.2021 22:27;7;1.63883E+12;1;3.7;;;;;;
14.12.2021 13:16;8;1.63949E+12;7;3;;;;;;
15.12.2021 20:34;5;1.6396E+12;6;2.7;;;;;;
16.12.2021 20:51;8;1.63969E+12;11;3.5;;;;;;
24.12.2021 08:41;6;1.64034E+12;3;5.7;;;;;;
25.12.2021 22:18;7;1.64047E+12;6;5.7;;;;;;
29.12.2021 21:52;8;1.64081E+12;0;12.1;;;;;;
31.12.2021 14:36;5;1.64096E+12;3;10.1;;;;;;
31.12.2021 16:02;9;1.64097E+12;6;10.7;;;;;;
01.01.2022 00:12;5;1.641E+12;4;#NV;;;;;;
03.01.2022 09:53;5;1.6412E+12;4;#NV;;;;;;
05.01.2022 20:31;6;1.64141E+12;10;#NV;;;;;;
06.01.2022 20:33;7;1.6415E+12;9;#NV;;;;;;
09.01.2022 16:40;7;1.64175E+12;12;#NV;;;;;;
12.01.2022 20:18;9;1.64202E+12;2;#NV;;;;;;
27.01.2022 08:16;8;1.64327E+12;1;#NV;;;;;;
05.02.2022 08:43;9;1.64405E+12;7;#NV;;;;;;
06.02.2022 16:46;8;1.64417E+12;5;#NV;;;;;;
07.02.2022 04:33;9;1.64421E+12;11;#NV;;;;;;
20.02.2022 23:27;9;1.6454E+12;4;#NV;;;;;;
24.02.2022 22:28;9;1.64574E+12;2;#NV;;;;;;
26.02.2022 08:01;8;1.64586E+12;8;#NV;;;;;;
28.02.2022 03:54;9;1.64602E+12;8;#NV;;;;;;
04.03.2022 17:27;9;1.64641E+12;4;#NV;;;;;;
06.03.2022 04:06;6;1.64654E+12;0;#NV;;;;;;
07.03.2022 09:10;7;1.64664E+12;7;#NV;;;;;;
08.03.2022 01:30;9;1.6467E+12;8;#NV;;;;;;
08.03.2022 09:34;5;1.64673E+12;3;#NV;;;;;;
12.03.2022 21:17;9;1.64712E+12;6;#NV;;;;;;
16.03.2022 11:40;9;1.64743E+12;8;#NV;;;;;;
16.03.2022 12:58;6;1.64744E+12;7;#NV;;;;;;
06.04.2022 10:04;8;1.64924E+12;5;#NV;;;;;;
10.04.2022 00:10;7;1.64955E+12;0;#NV;;;;;;
11.04.2022 17:21;9;1.6497E+12;0;#NV;;;;;;
13.04.2022 05:00;5;1.64983E+12;9;#NV;;;;;;
15.04.2022 08:37;8;1.65001E+12;5;#NV;;;;;;
16.04.2022 08:36;6;1.6501E+12;0;#NV;;;;;;
20.04.2022 15:43;9;1.65047E+12;4;#NV;;;;;;
22.04.2022 12:28;7;1.65063E+12;9;#NV;;;;;;
22.04.2022 20:50;9;1.65066E+12;8;#NV;;;;;;
30.04.2022 05:02;7;1.65129E+12;6;#NV;;;;;;
02.05.2022 22:23;9;1.65153E+12;2;#NV;;;;;;
04.05.2022 21:12;8;1.6517E+12;0;#NV;;;;;;
